Top pages,Clicks,Impressions,CTR,Position
https://9anonai.com/,222,5223,4.25%,3.78
https://9anonai.com/fr/legal-ai,4,212,1.89%,7.59
https://9anonai.com/en/blog/tenant-rights-morocco-rental-disputes,2,289,0.69%,8.61
https://9anonai.com/en/blog/moroccan-law-on-e-commerce,2,75,2.67%,4.04
https://9anonai.com/fr/blog/moroccan-law-on-artificial-intelligence,2,60,3.33%,6
https://9anonai.com/ar/blog/moroccan-inheritance-law-for-foreigners,2,41,4.88%,5.83
https://9anonai.com/ar/blog/moroccan-law-on-cybersecurity,2,34,5.88%,10.5
https://9anonai.com/fr/blog/law-governing-agricultural-land-morocco,2,20,10%,5.6
https://9anonai.com/en/blog/mining-code-reform-morocco,2,19,10.53%,5.53
https://9anonai.com/ar/blog/moroccan-law-on-e-commerce,2,19,10.53%,13.74
https://9anonai.com/fr/blog/moroccan-inheritance-law-for-foreigners,2,18,11.11%,11.67
https://9anonai.com/ar/blog/moroccan-law-intellectual-property-protection,2,13,15.38%,17.15
https://9anonai.com/en/blog/inheritance-law-morocco-succession-rights,1,601,0.17%,6.83
https://9anonai.com/en/blog/divorce-procedure-morocco-complete-guide,1,467,0.21%,8.31
https://9anonai.com/en/blog/property-law-buying-selling-inheritance,1,106,0.94%,8.88
https://9anonai.com/en/blog/moroccan-inheritance-law-for-foreigners,1,96,1.04%,7.76
https://9anonai.com/en/blog/reform-of-the-code-of-obligations-and-contracts,1,91,1.1%,6.88
https://9anonai.com/fr/blog/moroccan-nationality-law,1,91,1.1%,14.8
https://9anonai.com/fr/blog/moudawana-inheritance-reform,1,57,1.75%,8.75
https://9anonai.com/en/blog/moroccan-law-on-data-localization,1,47,2.13%,5.36
https://9anonai.com/ar/blog/moroccan-law-on-medical-liability,1,47,2.13%,8.74
https://9anonai.com/en/legal-ai,1,40,2.5%,6.45
https://9anonai.com/blog/judicial-services-digital-fees,1,25,4%,7
https://9anonai.com/en/blog/online-legal-consultation-morocco-chatbot,1,25,4%,7
https://www.9anonai.com/login,1,23,4.35%,7.91
https://9anonai.com/fr/blog/online-legal-consultation-morocco-chatbot,1,21,4.76%,9.24
https://9anonai.com/ar/blog/moroccan-nationality-law,1,18,5.56%,12.06
https://9anonai.com/ar/blog/moroccan-competition-law-market-regulation,1,17,5.88%,12.59
https://9anonai.com/ar/legal-ai,1,15,6.67%,7.8
https://9anonai.com/blog/urban-planning-reform-morocco,1,11,9.09%,6.91
https://9anonai.com/fr/blog/moroccan-law-on-data-localization,1,11,9.09%,19.64
https://9anonai.com/fr/blog/law-on-the-protection-of-cultural-heritage-data,1,10,10%,6.5
https://9anonai.com/ar/blog/digital-privacy-cybercrime-laws,1,10,10%,9.4
https://9anonai.com/en/blog/legal-profession-protest-law,1,10,10%,17.3
https://9anonai.com/ar/blog/criminal-justice-penal-code-morocco,1,9,11.11%,22.67
https://9anonai.com/fr/blog/remote-work-regulation-morocco,1,8,12.5%,9.5
https://9anonai.com/fr/blog/moroccan-law-on-whistleblowing,1,7,14.29%,4.86
https://9anonai.com/ar/blog/ngo-establishment-law-morocco,1,7,14.29%,7.29
https://9anonai.com/ar/blog/commercial-law-starting-business-morocco,1,7,14.29%,12.71
https://9anonai.com/fr/blog/moroccan-legislation-on-cultural-heritage,1,6,16.67%,9.33
https://9anonai.com/ar/blog/moroccan-law-on-artificial-intelligence,1,6,16.67%,9.5
https://9anonai.com/ar/blog/family-name-change-law,1,6,16.67%,10.67
https://9anonai.com/ar/blog/moroccan-regulation-of-artificial-intelligence-in-the-public-sector,1,6,16.67%,12
https://9anonai.com/ar/blog/judicial-services-digital-fees,1,6,16.67%,25.5
https://9anonai.com/ar/blog/contract-review-ai-morocco-business,1,5,20%,16.6
https://9anonai.com/ar/blog/understanding-moudawana-family-code,1,5,20%,103.2
https://9anonai.com/ar/blog/moroccan-law-on-data-localization,1,4,25%,51.25
https://9anonai.com/ar/blog/moudawana-child-custody-reform,1,3,33.33%,21.67
https://9anonai.com/ar/blog/digital-courts-morocco,1,3,33.33%,23.67
https://9anonai.com/en/blog/public-procurement-law-morocco,0,555,0%,5.41
https://9anonai.com/en/blog/starting-business-morocco-company-registration,0,496,0%,9.72
https://9anonai.com/en/blog/morocco-labor-code-employee-rights,0,190,0%,6.74
https://9anonai.com/traffic-law,0,173,0%,7.42
https://9anonai.com/en/blog/moroccan-nationality-law,0,171,0%,16.24
https://9anonai.com/en/blog/moroccan-regulations-on-import-export,0,167,0%,7.89
https://9anonai.com/en/blog/moroccan-law-governing-water-resources,0,148,0%,6.35
https://9anonai.com/en/blog/law-on-social-security-contributions-self-employed,0,109,0%,7.26
https://9anonai.com/fr/blog/inheritance-law-morocco-succession-rights,0,106,0%,11.74
https://9anonai.com/en/blog/moroccan-law-on-telecommunications-regulation,0,104,0%,6.71
https://9anonai.com/en/blog/moroccan-law-on-public-health-emergencies,0,94,0%,7.12
https://www.9anonai.com/vs-9anoun,0,90,0%,8.33
https://9anonai.com/en/blog/ngo-establishment-law-morocco,0,88,0%,4.73
https://9anonai.com/en/blog/criminal-justice-penal-code-morocco,0,88,0%,7.36
https://9anonai.com/en/blog/commercial-law-morocco-business-compliance,0,86,0%,7.14
https://9anonai.com/en/blog/law-governing-agricultural-land-morocco,0,86,0%,7.7
https://9anonai.com/en/blog/administrative-law-citizen-rights,0,79,0%,5.52
https://9anonai.com/en/blog/mediation-and-arbitration-law-in-morocco,0,76,0%,7.79
https://9anonai.com/en/blog/moroccan-legislation-on-cultural-heritage,0,65,0%,6.18
https://9anonai.com/en/blog/digital-privacy-cybercrime-laws,0,60,0%,5.65
https://9anonai.com/en/blog/regulation-of-clinical-trials-in-morocco,0,59,0%,5.2
https://9anonai.com/en/blog/commercial-law-starting-business-morocco,0,57,0%,5.98
https://9anonai.com/en/blog/moroccan-environmental-law-plastic-ban,0,57,0%,7.86
https://9anonai.com/en/startup-legal,0,57,0%,9.26
https://9anonai.com/en/blog/family-name-change-law,0,55,0%,5.93
https://9anonai.com/en/blog/moroccan-law-on-consumer-credit,0,49,0%,4.49
https://9anonai.com/en/blog/moroccan-regulation-of-artificial-intelligence-in-the-public-sector,0,49,0%,7.82
https://9anonai.com/en/blog/data-protection-law-personal-data-morocco,0,45,0%,8.53
https://9anonai.com/en/blog/moroccan-law-on-digital-identity,0,40,0%,7.1
https://9anonai.com/fr/blog/morocco-labor-code-employee-rights,0,38,0%,35.84
https://9anonai.com/fr/blog/divorce-procedure-morocco-complete-guide,0,38,0%,73.92
https://9anonai.com/en/blog/moroccan-competition-law-market-regulation,0,37,0%,8.03
https://9anonai.com/blog/electronic-monitoring-morocco,0,36,0%,9.97
https://9anonai.com/en/blog/education-law-59-21-reform,0,36,0%,11.94
https://9anonai.com/en/blog/moroccan-law-tax-incentives-startups,0,35,0%,5.83
https://9anonai.com/en/blog/moroccan-code-of-ethics-for-lawyers,0,35,0%,6
https://9anonai.com/en/blog/moroccan-law-on-the-protection-of-personal-data-in-scientific-research,0,35,0%,7.31
https://9anonai.com/fr/blog/moroccan-law-governing-water-resources,0,34,0%,7.21
https://9anonai.com/fr/blog/law-on-social-security-contributions-self-employed,0,32,0%,8.06
https://9anonai.com/ar/blog/public-procurement-law-morocco,0,32,0%,12.84
https://9anonai.com/en/blog/moroccan-law-on-franchising,0,31,0%,2.32
https://9anonai.com/fr/blog/moroccan-law-on-medical-liability,0,31,0%,5.55
https://9anonai.com/fr/blog/moroccan-law-on-cybersecurity,0,31,0%,8.13
https://9anonai.com/fr/blog/consumer-protection-rights-morocco,0,31,0%,11.84
https://9anonai.com/en/blog/moroccan-law-on-artificial-intelligence,0,30,0%,5.7
https://9anonai.com/en/blog/tax-compliance-morocco-business-guide,0,30,0%,8.8
https://9anonai.com/en/blog,0,29,0%,6.86
https://9anonai.com/ar/blog/inheritance-law-morocco-succession-rights,0,29,0%,17.52
https://9anonai.com/chat,0,28,0%,7.54
https://9anonai.com/en/blog/moroccan-law-on-data-security,0,26,0%,7.08
https://9anonai.com/blog/remote-work-regulation-morocco,0,25,0%,11.28
https://9anonai.com/fr/blog/reform-of-the-code-of-obligations-and-contracts,0,23,0%,4.65
https://9anonai.com/ar/blog/data-protection-law-personal-data-morocco,0,23,0%,11.83
https://9anonai.com/vs-9anoun,0,22,0%,6.82
https://9anonai.com/en/blog/employee-rights-morocco-labor-law,0,22,0%,6.91
https://9anonai.com/fr/blog/moroccan-law-on-consumer-credit,0,22,0%,7.09
https://9anonai.com/fr/blog/law-governing-artificial-intelligence-liability,0,22,0%,7.86
https://9anonai.com/fr/blog/crypto-assets-law-morocco,0,22,0%,12.41
https://9anonai.com/ar/blog/consumer-protection-rights-morocco,0,22,0%,18.36
https://9anonai.com/ar/blog/moroccan-law-on-telecommunications-regulation,0,21,0%,6.76
https://9anonai.com/en/blog/regulation-of-leasing-contracts,0,21,0%,7.48
https://9anonai.com/fr/blog/understanding-moudawana-family-code,0,20,0%,25.3
https://9anonai.com/fr/blog/family-name-change-law,0,19,0%,5.11
https://9anonai.com/fr/blog/moroccan-law-on-e-commerce,0,19,0%,7.26
https://9anonai.com/ar/blog/corporate-tax-updates-2026,0,19,0%,8.74
https://9anonai.com/fr/blog/mediation-and-arbitration-law-in-morocco,0,19,0%,13.26
https://9anonai.com/en/blog/crypto-assets-law-morocco,0,19,0%,15.68
https://9anonai.com/fr/blog/moroccan-law-on-digital-identity,0,18,0%,5.39
https://9anonai.com/en/blog/moroccan-law-on-whistleblowing,0,18,0%,6.06
https://9anonai.com/fr/blog/tenant-rights-morocco-rental-disputes,0,18,0%,7.44
https://9anonai.com/en/blog/renewable-energy-law-morocco,0,18,0%,8.06
https://9anonai.com/en/blog/the-legal-framework-for-investment-funds-in-morocco,0,18,0%,10.83
https://9anonai.com/fr,0,16,0%,4.62
https://9anonai.com/en/blog/moroccan-law-on-clinical-data-protection,0,16,0%,7.06
https://9anonai.com/en/blog/moroccan-law-on-environmental-impact-liability,0,16,0%,8.81
https://9anonai.com/ar/blog/electronic-monitoring-morocco,0,16,0%,12.81
https://9anonai.com/ar/blog/crypto-assets-law-morocco,0,16,0%,14.06
https://9anonai.com/en/blog/finance-law-2026-tax-reforms-morocco,0,15,0%,7
https://9anonai.com/ar/blog/moroccan-law-on-digital-identity,0,14,0%,8
https://9anonai.com/chat?q=Draft Law 42.25: Morocco Legalizes Crypto-Assets,0,14,0%,12.14
https://9anonai.com/ar/blog/education-law-59-21-reform,0,14,0%,17.14
https://9anonai.com/ar/blog/morocco-labor-code-employee-rights,0,14,0%,20.57
https://9anonai.com/fr/blog/criminal-justice-penal-code-morocco,0,14,0%,29.71
https://9anonai.com/en/blog/contract-review-ai-morocco-business,0,13,0%,5.23
https://9anonai.com/en/blog/moroccan-law-on-intellectual-property-for-artists,0,13,0%,6.23
https://9anonai.com/fr/blog/regulation-of-clinical-trials-in-morocco,0,13,0%,6.77
https://9anonai.com/fr/blog/starting-business-morocco-company-registration,0,13,0%,6.92
https://9anonai.com/en/divorce-law,0,13,0%,8.31
https://9anonai.com/fr/blog/microfinance-tax-incentives,0,13,0%,16.08
https://9anonai.com/fr/blog/moroccan-law-on-social-entrepreneurship,0,13,0%,36.92
https://9anonai.com/en/blog/law-on-data-governance,0,12,0%,4.25
https://9anonai.com/en/blog/moroccan-law-on-crowdfunding,0,12,0%,5.67
https://9anonai.com/fr/blog/moroccan-law-tax-incentives-startups,0,12,0%,7.08
https://9anonai.com/ar/blog/moroccan-regulations-on-import-export,0,12,0%,7.5
https://9anonai.com/ar/blog/property-law-buying-selling-inheritance,0,12,0%,12.17
https://9anonai.com/en/employee-rights,0,12,0%,14.17
https://9anonai.com/fr/blog/ngo-establishment-law-morocco,0,12,0%,31.25
https://9anonai.com/en/legal-chatbot,0,11,0%,4.27
https://9anonai.com/ar/blog/moroccan-environmental-law-plastic-ban,0,11,0%,4.55
https://9anonai.com/ar/blog/moroccan-law-on-public-service-reform,0,11,0%,6.64
https://9anonai.com/fr/blog/moroccan-law-on-the-protection-of-personal-data-in-scientific-research,0,11,0%,6.91
https://9anonai.com/en/blog/moroccan-securities-law-investor-protection,0,11,0%,7
https://9anonai.com/fr/blog/employee-rights-morocco-labor-law,0,11,0%,7
https://9anonai.com/en/blog/legal-implications-of-blockchain-technology-in-morocco,0,11,0%,7.64
https://9anonai.com/en/blog/moroccan-law-on-the-protection-of-geographical-indications,0,11,0%,11.09
https://9anonai.com/en/blog/law-on-cross-border-data-transfers,0,10,0%,6.1
https://9anonai.com/blog/corporate-tax-updates-2026,0,10,0%,6.5
https://9anonai.com/ar/blog/moroccan-law-on-the-protection-of-privacy-in-the-workplace,0,10,0%,8.2
https://9anonai.com/ar/blog/renewable-energy-law-morocco,0,10,0%,9.1
https://9anonai.com/fr/blog/contract-review-ai-morocco-business,0,10,0%,9.9
https://9anonai.com/en/blog/moroccan-law-intellectual-property-protection,0,10,0%,10.5
https://9anonai.com/fr/legal-chatbot,0,10,0%,13.2
https://9anonai.com/en/blog/moudawana-child-custody-reform,0,10,0%,19.7
https://9anonai.com/ar/blog/divorce-procedure-morocco-complete-guide,0,10,0%,25.8
https://9anonai.com/en/blog/moroccan-law-on-social-entrepreneurship,0,9,0%,3.56
https://9anonai.com/en/blog/digital-courts-morocco,0,9,0%,7.22
https://9anonai.com/fr/blog/data-protection-law-personal-data-morocco,0,9,0%,16.44
https://9anonai.com/ar/blog/moroccan-law-on-franchising,0,8,0%,5.5
https://9anonai.com/ar/blog/law-on-social-security-contributions-self-employed,0,8,0%,6.5
https://9anonai.com/fr/blog/digital-privacy-cybercrime-laws,0,8,0%,6.75
https://9anonai.com/en/blog/moudawana-inheritance-reform,0,8,0%,7.38
https://9anonai.com/login,0,8,0%,8.25
https://9anonai.com/en/tenant-rights,0,8,0%,8.75
https://9anonai.com/fr/blog/real-estate-tax-non-residents,0,8,0%,11.62
https://9anonai.com/ar/blog/starting-business-morocco-company-registration,0,8,0%,12
https://9anonai.com/fr/contract-review,0,8,0%,12.38
https://9anonai.com/blog/moudawana-gender-equality,0,8,0%,20.88
https://9anonai.com/blog/maritime-transport-fiscal-measures,0,8,0%,25.62
https://9anonai.com/ar/blog/real-estate-tax-non-residents,0,8,0%,27.75
https://9anonai.com/en/blog/unpaid-checks-family-exceptions-morocco,0,7,0%,3.86
https://9anonai.com/en/blog/law-on-intellectual-property-enforcement,0,7,0%,4.43
https://9anonai.com/en/blog/moroccan-law-on-environmental-impact-assessments,0,7,0%,5
https://9anonai.com/en/blog/legal-framework-for-e-sports-in-morocco,0,7,0%,7.29
https://9anonai.com/ar/blog/employee-rights-morocco-labor-law,0,7,0%,8.14
https://9anonai.com/blog/pension-system-reform-morocco,0,7,0%,8.71
https://9anonai.com/blog/strike-law-regulation,0,7,0%,15.43
https://9anonai.com/blog/public-agencies-restructuring,0,7,0%,16.14
https://9anonai.com/en/blog/implementation-of-the-access-to-information-law,0,6,0%,5.83
https://9anonai.com/fr/blog/law-on-data-governance,0,6,0%,7.33
https://9anonai.com/en/blog/law-on-the-protection-of-cultural-heritage-data,0,6,0%,7.67
https://9anonai.com/ar/blog/vat-changes-2026,0,6,0%,8
https://9anonai.com/fr/blog/property-law-buying-selling-inheritance,0,6,0%,8.17
https://9anonai.com/en/business-legal,0,6,0%,8.5
https://9anonai.com/fr/blog/moroccan-law-intellectual-property-protection,0,6,0%,9
https://9anonai.com/fr/blog/moroccan-competition-law-market-regulation,0,6,0%,9.17
https://9anonai.com/fr/blog/commercial-law-morocco-business-compliance,0,6,0%,9.67
https://9anonai.com/fr/blog/higher-education-law-controversy,0,6,0%,10.83
https://9anonai.com/blog/moudawana-child-custody-reform,0,6,0%,11.83
https://9anonai.com/ar/blog/tenant-rights-morocco-rental-disputes,0,6,0%,12.33
https://9anonai.com/blog/vat-changes-2026,0,6,0%,13
https://9anonai.com/fr/blog/public-procurement-law-morocco,0,6,0%,14
https://9anonai.com/fr/blog/strike-law-regulation,0,6,0%,14.17
https://9anonai.com/blog/civil-procedure-law-reform,0,6,0%,15.5
https://9anonai.com/en/blog/impact-of-djibouti-agreement-on-moroccan-trade,0,6,0%,16
https://9anonai.com/blog/crypto-investor-protection,0,6,0%,18.33
https://9anonai.com/fr/blog/moudawana-child-custody-reform,0,6,0%,23.83
https://9anonai.com/en/blog/law-governing-artificial-intelligence-liability,0,5,0%,4.2
https://9anonai.com/fr/blog/regulation-of-fintech-companies-in-morocco,0,5,0%,4.4
https://9anonai.com/en/blog/judicial-system-modernization-morocco-2026,0,5,0%,4.6
http://9anonai.com/,0,5,0%,5.2
https://9anonai.com/ar/blog/administrative-law-citizen-rights,0,5,0%,5.8
https://9anonai.com/ar/blog/moroccan-law-on-data-security,0,5,0%,6
https://9anonai.com/ar/blog/law-governing-agricultural-land-morocco,0,5,0%,6.4
https://9anonai.com/fr/blog/the-legal-framework-for-investment-funds-in-morocco,0,5,0%,6.4
https://9anonai.com/fr/blog/moroccan-law-on-environmental-impact-liability,0,5,0%,8.2
https://9anonai.com/fr/blog/moroccan-law-on-telecommunications-regulation,0,5,0%,8.8
https://9anonai.com/ar/blog/law-on-intellectual-property-enforcement,0,5,0%,10.6
https://9anonai.com/ar/blog/tax-compliance-morocco-business-guide,0,5,0%,12.2
https://9anonai.com/ar/blog/moroccan-code-of-ethics-for-lawyers,0,5,0%,12.8
https://9anonai.com/blog/education-law-59-21-reform,0,5,0%,15.4
https://9anonai.com/fr/startup-legal,0,5,0%,17
https://9anonai.com/ar/blog/mediation-and-arbitration-law-in-morocco,0,5,0%,19.8
https://9anonai.com/fr/blog/moroccan-law-on-data-security,0,5,0%,24.6
https://9anonai.com/en/blog/moroccan-securities-law-crowdfunding-regulation,0,4,0%,3.5
https://9anonai.com/en,0,4,0%,4.5
https://9anonai.com/ar/blog/reform-of-the-code-of-obligations-and-contracts,0,4,0%,5.25
https://9anonai.com/fr/blog/renewable-energy-law-morocco,0,4,0%,5.5
https://9anonai.com/fr/blog/tax-compliance-morocco-business-guide,0,4,0%,6
https://9anonai.com/ar/blog/online-legal-consultation-morocco-chatbot,0,4,0%,6.5
https://9anonai.com/en/blog/remote-work-regulation-morocco,0,4,0%,7
https://9anonai.com/blog/unpaid-checks-family-exceptions-morocco,0,4,0%,7.25
https://9anonai.com/fr/blog/moroccan-law-on-environmental-impact-assessments,0,4,0%,8
https://9anonai.com/fr/blog/moroccan-law-on-public-health-emergencies,0,4,0%,8.25
https://9anonai.com/ar/blog/moroccan-law-on-crowdfunding,0,4,0%,9
https://9anonai.com/ar/blog/moroccan-law-on-the-rights-of-persons-with-disabilities,0,4,0%,9.25
https://9anonai.com/en/blog/microfinance-tax-incentives,0,4,0%,10.25
https://9anonai.com/fr/blog/moroccan-law-on-clinical-data-protection,0,4,0%,10.25
https://9anonai.com/en/blog/alternative-sentencing-law-morocco,0,4,0%,10.5
https://9anonai.com/fr/blog/legal-advice-mres,0,4,0%,11.25
https://www.9anonai.com/privacy,0,4,0%,12
https://9anonai.com/fr/blog/legal-ai-assistant-morocco-guide,0,4,0%,15.25
https://9anonai.com/fr/blog/education-law-59-21-reform,0,4,0%,22.5
https://9anonai.com/en/blog/labor-law-wage-reform,0,4,0%,31.75
https://9anonai.com/fr/blog/moroccan-environmental-law-plastic-ban,0,3,0%,3.33
https://9anonai.com/about,0,3,0%,4
https://9anonai.com/ar/blog/legal-cannabis-cultivation-registration-morocco,0,3,0%,4
https://9anonai.com/fr/blog/mining-code-reform-morocco,0,3,0%,4
https://9anonai.com/fr/blog/regulation-of-leasing-contracts,0,3,0%,4
"https://9anonai.com/chat?q=%D8%A7%D9%84%D9%82%D8%A7%D9%86%D9%88%D9%86 
%D8%A7%D9%84%D9%85%D8%BA%D8%B1%D8%A8%D9%8A 
%D9%84%D8%AA%D9%86%D8%B8%D9%8A%D9%85 
%D8%A7%D9%84%D8%A7%D8%AA%D8%B5%D8%A7%D9%84%D8%A7%D8%AA",0,3,0%,4.33
https://9anonai.com/ar/blog/moroccan-legislation-on-cultural-heritage,0,3,0%,5.67
https://9anonai.com/fr/blog/administrative-law-citizen-rights,0,3,0%,6.33
https://9anonai.com/fr/blog/moroccan-securities-law-investor-protection,0,3,0%,6.67
https://9anonai.com/fr/blog/alternative-sentencing-law-morocco,0,3,0%,7
https://9anonai.com/fr/blog/moroccan-regulations-on-import-export,0,3,0%,8.67
https://9anonai.com/ar/blog/the-legal-aspects-of-impact-investing-in-morocco,0,3,0%,9
https://9anonai.com/contract-builder,0,3,0%,10
https://9anonai.com/ar/blog/public-agencies-restructuring,0,3,0%,10.33
https://9anonai.com/ar/blog/commercial-law-morocco-business-compliance,0,3,0%,10.67
https://9anonai.com/ar/blog/moudawana-gender-equality,0,3,0%,10.67
https://9anonai.com/en/blog/legal-framework-for-the-protection-of-traditional-knowledge,0,3,0%,11.33
https://9anonai.com/ar/blog/strike-law-regulation,0,3,0%,24.33
https://9anonai.com/ar/blog/law-on-cross-border-data-transfers,0,2,0%,4.5
https://9anonai.com/ar/blog/legal-implications-of-blockchain-technology-in-morocco,0,2,0%,4.5
https://9anonai.com/ar/blog/electoral-law-reforms-candidates-morocco,0,2,0%,5.5
https://9anonai.com/en/blog/civil-procedure-law-reform,0,2,0%,5.5
https://9anonai.com/ar/blog,0,2,0%,6.5
https://9anonai.com/ar/blog/moroccan-law-governing-water-resources,0,2,0%,6.5
https://9anonai.com/fr/tenant-rights,0,2,0%,6.5
https://9anonai.com/fr/blog/moroccan-law-on-crowdfunding,0,2,0%,7
https://9anonai.com/en/contract-review,0,2,0%,7.5
https://9anonai.com/ar/blog/remote-work-regulation-morocco,0,2,0%,8
https://9anonai.com/fr/blog/moroccan-code-of-ethics-for-lawyers,0,2,0%,8
https://9anonai.com/fr/blog/moroccan-law-on-franchising,0,2,0%,8.5
https://9anonai.com/ar/blog/moroccan-law-on-environmental-impact-assessments,0,2,0%,9
https://9anonai.com/blog/community-service-morocco,0,2,0%,9
https://9anonai.com/ar/blog/moroccan-law-on-clinical-data-protection,0,2,0%,9.5
https://9anonai.com/ar/blog/moroccan-law-on-mines-and-quarries,0,2,0%,11
https://9anonai.com/blog/family-name-change-law,0,2,0%,11.5
https://9anonai.com/blog/daily-fines-alternative-penalty,0,2,0%,12
https://9anonai.com/ar/blog/implementation-of-the-access-to-information-law,0,1,0%,1
https://9anonai.com/chat?q=Microfinance: Tax Incentives for VSEs,0,1,0%,1
https://9anonai.com/en/blog/moroccan-law-on-non-profit-organizations,0,1,0%,1
https://9anonai.com/fr/blog/moroccan-law-on-public-service-reform,0,1,0%,1
https://9anonai.com/en/blog/electronic-monitoring-morocco,0,1,0%,2
https://9anonai.com/ar/blog/legal-ai-assistant-morocco-guide,0,1,0%,3
https://9anonai.com/ar/legal-chatbot,0,1,0%,3
https://9anonai.com/en/blog/law-on-protection-of-geographic-indications-morocco,0,1,0%,3
https://9anonai.com/fr/blog/amo-coverage-expansion-2026,0,1,0%,3
https://9anonai.com/ar/blog/law-on-protection-of-geographic-indications-morocco,0,1,0%,4
https://9anonai.com/ar/blog/moroccan-law-on-whistleblowing,0,1,0%,4
https://9anonai.com/divorce-law,0,1,0%,4
https://9anonai.com/ar/blog/amo-coverage-expansion-2026,0,1,0%,5
https://9anonai.com/ar/blog/higher-education-law-controversy,0,1,0%,5
https://9anonai.com/en/blog/moroccan-law-on-the-financing-of-terrorism,0,1,0%,5
https://9anonai.com/fr/blog/corporate-tax-updates-2026,0,1,0%,5
https://9anonai.com/fr/divorce-law,0,1,0%,5
https://9anonai.com/ar/blog/the-legal-framework-for-investment-funds-in-morocco,0,1,0%,6
https://9anonai.com/chat?q=TVA 2026 : Exon%C3%A9rations et Augmentations,0,1,0%,6
https://9anonai.com/en/blog/regulation-of-the-sharing-economy-in-morocco,0,1,0%,6
https://9anonai.com/ar/blog/civil-procedure-law-reform,0,1,0%,7
https://9anonai.com/en/blog/moudawana-gender-equality,0,1,0%,7
https://9anonai.com/ar/blog/moroccan-securities-law-investor-protection,0,1,0%,8
https://9anonai.com/ar/blog/national-press-council-reform-morocco,0,1,0%,8
https://9anonai.com/ar/blog/unpaid-checks-family-exceptions-morocco,0,1,0%,8
https://9anonai.com/blog/amo-coverage-expansion-2026,0,1,0%,8
"https://9anonai.com/chat?q=T%C3%A9l%C3%A9travail au Maroc : Enfin une loi 
pour l'encadrer",0,1,0%,8
https://9anonai.com/en/blog/higher-education-law-controversy,0,1,0%,8
https://9anonai.com/family-law,0,1,0%,8
https://9anonai.com/fr/blog/community-service-morocco,0,1,0%,8
https://9anonai.com/fr/blog/law-on-intellectual-property-enforcement,0,1,0%,8
https://9anonai.com/ar/tenant-rights,0,1,0%,9
https://9anonai.com/en/blog/finance-law-2026-reforms,0,1,0%,9
https://9anonai.com/ar/blog/legal-advice-mres,0,1,0%,10
https://9anonai.com/en/blog/vat-changes-2026,0,1,0%,10
https://9anonai.com/ar/blog/judicial-system-modernization-morocco-2026,0,1,0%,11
https://9anonai.com/ar/blog/moroccan-law-on-the-protection-of-personal-data-in-scientific-research,0,1,0%,11
https://9anonai.com/en/blog/moroccan-law-on-protection-of-personal-property,0,1,0%,11
https://9anonai.com/fr/blog/moroccan-law-on-the-rights-of-persons-with-disabilities,0,1,0%,11
https://9anonai.com/ar/startup-legal,0,1,0%,12
https://9anonai.com/ar/blog/moroccan-law-on-environmental-impact-liability,0,1,0%,15
https://9anonai.com/fr/employee-rights,0,1,0%,27
"https://9anonai.com/chat?q=%D9%82%D8%A7%D9%86%D9%88%D9%86 
%D8%A7%D9%84%D9%88%D8%B3%D8%A7%D8%B7%D8%A9 
%D9%88%D8%A7%D9%84%D8%AA%D8%AD%D9%83%D9%8A%D9%85 %D9%81%D9%8A 
%D8%A7%D9%84%D9%85%D8%BA%D8%B1%D8%A8",0,1,0%,28
https://9anonai.com/chat?q=Digital Judicial Services: Symbolic Fees,0,1,0%,39
https://9anonai.com/fr/blog/moroccan-law-on-the-financing-of-terrorism,0,1,0%,56