Top queries,Clicks,Impressions,CTR,Position
9anon ai,145,2927,4.95%,2.95
9anon.ia,15,722,2.08%,4.34
9anoun ai,5,305,1.64%,7.67
9anouni ai,5,212,2.36%,6.15
9anon,4,94,4.26%,5.41
9anon.ai,2,21,9.52%,2.67
9anoun.ia,1,118,0.85%,6.9
9anoun.ai,1,32,3.12%,7.53
قانون ai المغرب,1,5,20%,8.6
moudawana héritage maroc,1,1,100%,14
morocco law 10-95 water,0,45,0%,5.98
morocco water law 10-95,0,17,0%,5.71
9anoun ia,0,16,0%,5.31
divorce amiable maroc,0,15,0%,81.47
property disputes in morocco,0,14,0%,21.86
morocco divorcee relationship status,0,13,0%,8.08
9anon maroc,0,11,0%,6
9anoni ai,0,10,0%,6.3
morocco e-commerce regulation,0,7,0%,3
9anone,0,7,0%,3.57
9anouni.ia,0,7,0%,4.57
9anoni,0,6,0%,4.17
maroc divorce,0,6,0%,66.33
law 10-95 water morocco,0,5,0%,6.6
auto-entrepreneur morocco turnover limits,0,5,0%,8.8
entrepreneuriat social maroc,0,5,0%,83.6
divorce marocain,0,5,0%,87
"""loi 10-95"" eau maroc",0,4,0%,9
divorce maroc,0,4,0%,57.5
code du travail,0,4,0%,75
créer une association au maroc,0,4,0%,85.75
9anoun,0,3,0%,5.67
kanoun.ia,0,3,0%,9.67
moroccan inheritance law mother share with children 1/6,0,3,0%,10
avocat litige bailleur locataire,0,3,0%,10.67
morocco divorce laws information,0,3,0%,14
code de la famille maroc,0,3,0%,45
moudawana maroc,0,3,0%,48.67
droit pénal marocain,0,3,0%,73
droit du travail marocain,0,3,0%,82.33
moroccan citizenship,0,3,0%,100
"l'article soulève des questions sur la propriété des données et la 
souveraineté numérique du maroc",0,2,0%,3
moroccan agency for sustainable energy,0,2,0%,3.5
قانون البيع والشراء في المغرب,0,2,0%,8.5
auto-entrepreneur morocco turnover limit 2026,0,2,0%,9.5
morocco company registration time cri,0,2,0%,9.5
"loi n° 95-17 relative à l’arbitrage et à la médiation conventionnelle maroc 
text",0,2,0%,10
"loi n° 95-17 relative à l’arbitrage et à la médiation conventionnelle 
morocco",0,2,0%,10
divorce law in morocco,0,2,0%,14.5
قانون الأمن السيبراني بالمغرب,0,2,0%,17
قانون حماية الخصوصية في المغرب,0,2,0%,19
moroccan nationality,0,2,0%,38
nationality moroccan,0,2,0%,44
registration company in morocco,0,2,0%,51.5
company registration in morocco,0,2,0%,59.5
code de travail marocain,0,2,0%,62.5
morocco nationality,0,2,0%,68.5
code pénal marocain,0,2,0%,69.5
loi 09 08 maroc,0,2,0%,73
بحث حول حماية المستهلك في القانون المغربي,0,2,0%,76
héritage maroc,0,2,0%,80
nationalité marocain,0,2,0%,86.5
nationalité marocaine homme,0,2,0%,92
"""tax compliance""",0,1,0%,1
so who made it,0,1,0%,1
9anoch,0,1,0%,2
9arnon,0,1,0%,3
moudawana,0,1,0%,3
single economic entity doctrine competition law,0,1,0%,4
"(""digital identity"" or ""electronic identity"" or ""eid"" or ""electronic 
voting"" or ""e-voting"") and (""sovereignty"" or ""trust"" or ""security"" or 
""privacy"" or ""confidentiality"")",0,1,0%,6
divorce au maroc et partage des biens,0,1,0%,7
avocat ia gratuit,0,1,0%,8
patente business license morocco commune,0,1,0%,8
centre régional d’investissement cri morocco one-stop shop,0,1,0%,9
cost certificat négatif ompic morocco,0,1,0%,9
how to open a retail store in morocco legal requirements,0,1,0%,9
legal requirements to open a retail store in morocco,0,1,0%,9
morocco single-use plastic ban,0,1,0%,9
reserve company name morocco certificat négatif ompic,0,1,0%,9
طلاق للضرر في المغرب,0,1,0%,9
certificat négatif ompic morocco company name reservation,0,1,0%,10
opening retail store morocco legal requirements business registration,0,1,0%,10
قانون الصفقات العمومية في المغرب,0,1,0%,10
divorce in morocco,0,1,0%,12
divorce process in morocco,0,1,0%,12
morocco company formation digitization,0,1,0%,13
inward processing,0,1,0%,14
public sector digitalization trends,0,1,0%,14
تذييل الاحكام الاجنبية بالصيغة التنفيذية,0,1,0%,14
acte d'hérédité en arabe,0,1,0%,15
maroc droit du sol,0,1,0%,15
قانون المنافسة المغربي,0,1,0%,18
الصفقات العمومية في المغرب,0,1,0%,20
حماية المستهلك في المغرب,0,1,0%,22
قانون الرقمنة في المغرب,0,1,0%,22
حماية المستهلك,0,1,0%,24
قانون الطاقات المتجددة بالمغرب,0,1,0%,24
company registration morocco,0,1,0%,26
droit du sol maroc,0,1,0%,26
nationality morocco,0,1,0%,28
moroccan citizenship by descent,0,1,0%,29
الإرث في القانون المغربي,0,1,0%,32
morocco law 09-08 data protection,0,1,0%,38
morocco law 09-08 data protection cndp english summary,0,1,0%,39
dual citizenship morocco,0,1,0%,45
قانون الجنسية المغربية,0,1,0%,45
moroccan citizenship by marriage,0,1,0%,50
terrorisme,0,1,0%,56
المحكمة الرقمية,0,1,0%,56
morocco divorce,0,1,0%,58
company registration process in morocco,0,1,0%,62
divorcer au maroc,0,1,0%,62
code du travail marocain,0,1,0%,63
code du travail au maroc,0,1,0%,64
شرح قانون المنافسة المغربي,0,1,0%,64
code travail maroc,0,1,0%,66
إجراءات الطلاق,0,1,0%,66
nouvelle loi héritage maroc,0,1,0%,67
protection du consommateur maroc,0,1,0%,67
citoyen marocain,0,1,0%,68
code de famille maroc,0,1,0%,70
قانون الشغل,0,1,0%,71
procedure de divorce au maroc,0,1,0%,72
qui a le droit de demander la nationalité marocaine,0,1,0%,74
morocco dual citizenship,0,1,0%,79
اجراءات الطلاق بالمغرب,0,1,0%,80
citizenship in morocco,0,1,0%,81
تعريف مدونة الاسرة,0,1,0%,84
how to become a moroccan citizen,0,1,0%,87
does morocco allow dual citizenship,0,1,0%,88
marocaine nationalité,0,1,0%,88
مدونة الشغل بالمغرب,0,1,0%,89
code de travail maroc,0,1,0%,90
company formation morocco,0,1,0%,92
morocco citizenship,0,1,0%,93
divorce au maroc combien de temps,0,1,0%,94
morocco company registration,0,1,0%,95
how to get moroccan citizenship,0,1,0%,99
مدونة الاسرة المغرب,0,1,0%,99
مدونة الاسرة المغربية,0,1,0%,99
how to become a citizen of morocco,0,1,0%,100
morocco law 17-95 soci,0,1,0%,100
nationalité marocaine ou marocain,0,1,0%,100
calcul héritage maroc,0,1,0%,115